Workbook

Sheet Start here
A1: The Mat: class sheet
A2: This sheet fills itself. Students sign in on The Mat with a period and a student number you give them (no names), and their levels, problems and fluency scores arrive here.
A4: Set up (once, about 10 minutes): see SETUP.md in the project, "teacher" folder. In short:
A5: 1. Upload this file to Google Drive and open it with Google Sheets.
A6: 2. Extensions > Apps Script: paste the contents of Code.gs, save.
A7: 3. Deploy > New deployment > Web app: Execute as "Me", Who has access "Anyone". Copy the web app URL.
A8: 4. Give students this link: https://karlmaukskoepke.github.io/AlgebraMat/?class=<the web app URL>
A9: 5. Hand each student a period and a number. On The Mat they tap Sign in and type them.
A11: The tabs
A12: Students: everyone who has signed in (period, number, first and last time).
A13: Progress: one row per student, one column per level (TRUE = finished). "-open" columns are levels the diagnostic opened.
A14: Log: every problem a student did: what they typed, which slip it looked like, which supports showed, and whether it was clean.
... A23: Example of a Log row: 3-12 | 2026-10-04T14:02:11Z | value | 1 | 2x + 6, x = 4 | 30 → no-parens; 14 → | substitute | 0 | 0 | FALSE

Sheet Students
A1: StudentID | B1: Period | C1: Number | D1: FirstSeen | E1: LastSync

Sheet Progress
A1: StudentID | B1: Period | C1: Number | D1: LastSync | E1: combineit-1 | F1: combineit-2 | G1: combineit-3 | H1: combineit-4 | I1: combineit-5 | J1: flipit-1 | K1: flipit-2 | L1: flipit-3 | M1: flipit-4 | N1: flipit-5 | O1: lasso-1 | P1: lasso-2 | Q1: lasso-3 | R1: lasso-4 | S1: lasso-5 | T1: lasso-6 | U1: lasso-7 | V1: boxes-1 | W1: boxes-2 | X1: boxes-3 | Y1: boxes-4 | Z1: boxes-5 | AA1: boxes-6 | AB1: groups-of-terms-1 | AC1: groups-of-terms-2 | AD1: groups-of-terms-3 | AE1: groups-of-terms-4 | AF1: groups-of-terms-5 | AG1: groups-of-terms-6 | AH1: groups-of-terms-7 | AI1: groups-of-terms-8 | AJ1: distribute-combine-1 | AK1: distribute-combine-2 | AL1: distribute-combine-3 | AM1: distribute-combine-4 | AN1: distribute-combine-5 | AO1: value-1 | AP1: value-2 | AQ1: value-3

Sheet Log
A1: StudentID | B1: Time | C1: Pack | D1: Level | E1: Problem | F1: Answers | G1: Supports | H1: Stuck | I1: Taught | J1: Clean | K1: Key

Sheet Fluency
A1: StudentID | B1: Time | C1: Challenge | D1: Score | E1: Tier | F1: Key

Sheet Summary
A1: StudentID | B1: Period | C1: Number | D1: Levels done | E1: Problems tried | F1: Clean % | G1: Stuck presses | H1: Fluency runs | I1: Last active
A2: =IF(Students!A2="","",Students!A2) | B2: =IF($A2="","",Students!B2) | C2: =IF($A2="","",Students!C2) | D2: =IF($A2="","",IFERROR(COUNTIF(INDEX(Progress!$E$2:$BK$200,MATCH($A2,Progress!$A$2:$A$200,0),0),TRUE),0)) | E2: =IF($A2="","",COUNTIF(Log!$A$2:$A$5000,$A2)) | F2: =IF($A2="","",IF(E2=0,"",COUNTIFS(Log!$A$2:$A$5000,$A2,Log!$J$2:$J$5000,TRUE)/E2)) | G2: =IF($A2="","",SUMIF(Log!$A$2:$A$5000,$A2,Log!$H$2:$H$5000)) | H2: =IF($A2="","",COUNTIF(Fluency!$A$2:$A$5000,$A2)) | I2: =IF($A2="","",Students!E2)
A3: =IF(Students!A3="","",Students!A3) | B3: =IF($A3="","",Students!B3) | C3: =IF($A3="","",Students!C3) | D3: =IF($A3="","",IFERROR(COUNTIF(INDEX(Progress!$E$2:$BK$200,MATCH($A3,Progress!$A$2:$A$200,0),0),TRUE),0)) | E3: =IF($A3="","",COUNTIF(Log!$A$2:$A$5000,$A3)) | F3: =IF($A3="","",IF(E3=0,"",COUNTIFS(Log!$A$2:$A$5000,$A3,Log!$J$2:$J$5000,TRUE)/E3)) | G3: =IF($A3="","",SUMIF(Log!$A$2:$A$5000,$A3,Log!$H$2:$H$5000)) | H3: =IF($A3="","",COUNTIF(Fluency!$A$2:$A$5000,$A3)) | I3: =IF($A3="","",Students!E3)
A4: =IF(Students!A4="","",Students!A4) | B4: =IF($A4="","",Students!B4) | C4: =IF($A4="","",Students!C4) | D4: =IF($A4="","",IFERROR(COUNTIF(INDEX(Progress!$E$2:$BK$200,MATCH($A4,Progress!$A$2:$A$200,0),0),TRUE),0)) | E4: =IF($A4="","",COUNTIF(Log!$A$2:$A$5000,$A4)) | F4: =IF($A4="","",IF(E4=0,"",COUNTIFS(Log!$A$2:$A$5000,$A4,Log!$J$2:$J$5000,TRUE)/E4)) | G4: =IF($A4="","",SUMIF(Log!$A$2:$A$5000,$A4,Log!$H$2:$H$5000)) | H4: =IF($A4="","",COUNTIF(Fluency!$A$2:$A$5000,$A4)) | I4: =IF($A4="","",Students!E4)
A5: =IF(Students!A5="","",Students!A5) | B5: =IF($A5="","",Students!B5) | C5: =IF($A5="","",Students!C5) | D5: =IF($A5="","",IFERROR(COUNTIF(INDEX(Progress!$E$2:$BK$200,MATCH($A5,Progress!$A$2:$A$200,0),0),TRUE),0)) | E5: =IF($A5="","",COUNTIF(Log!$A$2:$A$5000,$A5)) | F5: =IF($A5="","",IF(E5=0,"",COUNTIFS(Log!$A$2:$A$5000,$A5,Log!$J$2:$J$5000,TRUE)/E5)) | G5: =IF($A5="","",SUMIF(Log!$A$2:$A$5000,$A5,Log!$H$2:$H$5000)) | H5: =IF($A5="","",COUNTIF(Fluency!$A$2:$A$5000,$A5)) | I5: =IF($A5="","",Students!E5)
A6: =IF(Students!A6="","",Students!A6) | B6: =IF($A6="","",Students!B6) | C6: =IF($A6="","",Students!C6) | D6: =IF($A6="","",IFERROR(COUNTIF(INDEX(Progress!$E$2:$BK$200,MATCH($A6,Progress!$A$2:$A$200,0),0),TRUE),0)) | E6: =IF($A6="","",COUNTIF(Log!$A$2:$A$5000,$A6)) | F6: =IF($A6="","",IF(E6=0,"",COUNTIFS(Log!$A$2:$A$5000,$A6,Log!$J$2:$J$5000,TRUE)/E6)) | G6: =IF($A6="","",SUMIF(Log!$A$2:$A$5000,$A6,Log!$H$2:$H$5000)) | H6: =IF($A6="","",COUNTIF(Fluency!$A$2:$A$5000,$A6)) | I6: =IF($A6="","",Students!E6)
A7: =IF(Students!A7="","",Students!A7) | B7: =IF($A7="","",Students!B7) | C7: =IF($A7="","",Students!C7) | D7: =IF($A7="","",IFERROR(COUNTIF(INDEX(Progress!$E$2:$BK$200,MATCH($A7,Progress!$A$2:$A$200,0),0),TRUE),0)) | E7: =IF($A7="","",COUNTIF(Log!$A$2:$A$5000,$A7)) | F7: =IF($A7="","",IF(E7=0,"",COUNTIFS(Log!$A$2:$A$5000,$A7,Log!$J$2:$J$5000,TRUE)/E7)) | G7: =IF($A7="","",SUMIF(Log!$A$2:$A$5000,$A7,Log!$H$2:$H$5000)) | H7: =IF($A7="","",COUNTIF(Fluency!$A$2:$A$5000,$A7)) | I7: =IF($A7="","",Students!E7)
A8: =IF(Students!A8="","",Students!A8) | B8: =IF($A8="","",Students!B8) | C8: =IF($A8="","",Students!C8) | D8: =IF($A8="","",IFERROR(COUNTIF(INDEX(Progress!$E$2:$BK$200,MATCH($A8,Progress!$A$2:$A$200,0),0),TRUE),0)) | E8: =IF($A8="","",COUNTIF(Log!$A$2:$A$5000,$A8)) | F8: =IF($A8="","",IF(E8=0,"",COUNTIFS(Log!$A$2:$A$5000,$A8,Log!$J$2:$J$5000,TRUE)/E8)) | G8: =IF($A8="","",SUMIF(Log!$A$2:$A$5000,$A8,Log!$H$2:$H$5000)) | H8: =IF($A8="","",COUNTIF(Fluency!$A$2:$A$5000,$A8)) | I8: =IF($A8="","",Students!E8)
A9: =IF(Students!A9="","",Students!A9) | B9: =IF($A9="","",Students!B9) | C9: =IF($A9="","",Students!C9) | D9: =IF($A9="","",IFERROR(COUNTIF(INDEX(Progress!$E$2:$BK$200,MATCH($A9,Progress!$A$2:$A$200,0),0),TRUE),0)) | E9: =IF($A9="","",COUNTIF(Log!$A$2:$A$5000,$A9)) | F9: =IF($A9="","",IF(E9=0,"",COUNTIFS(Log!$A$2:$A$5000,$A9,Log!$J$2:$J$5000,TRUE)/E9)) | G9: =IF($A9="","",SUMIF(Log!$A$2:$A$5000,$A9,Log!$H$2:$H$5000)) | H9: =IF($A9="","",COUNTIF(Fluency!$A$2:$A$5000,$A9)) | I9: =IF($A9="","",Students!E9)
A10: =IF(Students!A10="","",Students!A10) | B10: =IF($A10="","",Students!B10) | C10: =IF($A10="","",Students!C10) | D10: =IF($A10="","",IFERROR(COUNTIF(INDEX(Progress!$E$2:$BK$200,MATCH($A10,Progress!$A$2:$A$200,0),0),TRUE),0)) | E10: =IF($A10="","",COUNTIF(Log!$A$2:$A$5000,$A10)) | F10: =IF($A10="","",IF(E10=0,"",COUNTIFS(Log!$A$2:$A$5000,$A10,Log!$J$2:$J$5000,TRUE)/E10)) | G10: =IF($A10="","",SUMIF(Log!$A$2:$A$5000,$A10,Log!$H$2:$H$5000)) | H10: =IF($A10="","",COUNTIF(Fluency!$A$2:$A$5000,$A10)) | I10: =IF($A10="","",Students!E10)
A11: =IF(Students!A11="","",Students!A11) | B11: =IF($A11="","",Students!B11) | C11: =IF($A11="","",Students!C11) | D11: =IF($A11="","",IFERROR(COUNTIF(INDEX(Progress!$E$2:$BK$200,MATCH($A11,Progress!$A$2:$A$200,0),0),TRUE),0)) | E11: =IF($A11="","",COUNTIF(Log!$A$2:$A$5000,$A11)) | F11: =IF($A11="","",IF(E11=0,"",COUNTIFS(Log!$A$2:$A$5000,$A11,Log!$J$2:$J$5000,TRUE)/E11)) | G11: =IF($A11="","",SUMIF(Log!$A$2:$A$5000,$A11,Log!$H$2:$H$5000)) | H11: =IF($A11="","",COUNTIF(Fluency!$A$2:$A$5000,$A11)) | I11: =IF($A11="","",Students!E11)
A12: =IF(Students!A12="","",Students!A12) | B12: =IF($A12="","",Students!B12) | C12: =IF($A12="","",Students!C12) | D12: =IF($A12="","",IFERROR(COUNTIF(INDEX(Progress!$E$2:$BK$200,MATCH($A12,Progress!$A$2:$A$200,0),0),TRUE),0)) | E12: =IF($A12="","",COUNTIF(Log!$A$2:$A$5000,$A12)) | F12: =IF($A12="","",IF(E12=0,"",COUNTIFS(Log!$A$2:$A$5000,$A12,Log!$J$2:$J$5000,TRUE)/E12)) | G12: =IF($A12="","",SUMIF(Log!$A$2:$A$5000,$A12,Log!$H$2:$H$5000)) | H12: =IF($A12="","",COUNTIF(Fluency!$A$2:$A$5000,$A12)) | I12: =IF($A12="","",Students!E12)
A13: =IF(Students!A13="","",Students!A13) | B13: =IF($A13="","",Students!B13) | C13: =IF($A13="","",Students!C13) | D13: =IF($A13="","",IFERROR(COUNTIF(INDEX(Progress!$E$2:$BK$200,MATCH($A13,Progress!$A$2:$A$200,0),0),TRUE),0)) | E13: =IF($A13="","",COUNTIF(Log!$A$2:$A$5000,$A13)) | F13: =IF($A13="","",IF(E13=0,"",COUNTIFS(Log!$A$2:$A$5000,$A13,Log!$J$2:$J$5000,TRUE)/E13)) | G13: =IF($A13="","",SUMIF(Log!$A$2:$A$5000,$A13,Log!$H$2:$H$5000)) | H13: =IF($A13="","",COUNTIF(Fluency!$A$2:$A$5000,$A13)) | I13: =IF($A13="","",Students!E13)
... A151: =IF(Students!A151="","",Students!A151) | B151: =IF($A151="","",Students!B151) | C151: =IF($A151="","",Students!C151) | D151: =IF($A151="","",IFERROR(COUNTIF(INDEX(Progress!$E$2:$BK$200,MATCH($A151,Progress!$A$2:$A$200,0),0),TRUE),0)) | E151: =IF($A151="","",COUNTIF(Log!$A$2:$A$5000,$A151)) | F151: =IF($A151="","",IF(E151=0,"",COUNTIFS(Log!$A$2:$A$5000,$A151,Log!$J$2:$J$5000,TRUE)/E151)) | G151: =IF($A151="","",SUMIF(Log!$A$2:$A$5000,$A151,Log!$H$2:$H$5000)) | H151: =IF($A151="","",COUNTIF(Fluency!$A$2:$A$5000,$A151)) | I151: =IF($A151="","",Students!E151)

Sheet Slips
A1: StudentID | B1: unmatched | C1: sign-flipped | D1: sign-dropped | E1: wrong-winner | F1: uncombined | G1: invisible-one | H1: zero-term | I1: n-off | J1: x-off | K1: no-parens | L1: added | M1: neg-neg | N1: sign-lost | O1: dist-one | P1: inside-sign-lost | Q1: neg-first | R1: outer-as-term
A2: =IF(Students!A2="","",Students!A2) | B2: =IF($A2="","",COUNTIFS(Log!$A$2:$A$5000,$A2,Log!$F$2:$F$5000,"*→ "&B$1&"*")) | C2: =IF($A2="","",COUNTIFS(Log!$A$2:$A$5000,$A2,Log!$F$2:$F$5000,"*→ "&C$1&"*")) | D2: =IF($A2="","",COUNTIFS(Log!$A$2:$A$5000,$A2,Log!$F$2:$F$5000,"*→ "&D$1&"*")) | E2: =IF($A2="","",COUNTIFS(Log!$A$2:$A$5000,$A2,Log!$F$2:$F$5000,"*→ "&E$1&"*")) | F2: =IF($A2="","",COUNTIFS(Log!$A$2:$A$5000,$A2,Log!$F$2:$F$5000,"*→ "&F$1&"*")) | G2: =IF($A2="","",COUNTIFS(Log!$A$2:$A$5000,$A2,Log!$F$2:$F$5000,"*→ "&G$1&"*")) | H2: =IF($A2="","",COUNTIFS(Log!$A$2:$A$5000,$A2,Log!$F$2:$F$5000,"*→ "&H$1&"*")) | I2: =IF($A2="","",COUNTIFS(Log!$A$2:$A$5000,$A2,Log!$F$2:$F$5000,"*→ "&I$1&"*")) | ... R2: =IF($A2="","",COUNTIFS(Log!$A$2:$A$5000,$A2,Log!$F$2:$F$5000,"*→ "&R$1&"*"))
A3: =IF(Students!A3="","",Students!A3) | B3: =IF($A3="","",COUNTIFS(Log!$A$2:$A$5000,$A3,Log!$F$2:$F$5000,"*→ "&B$1&"*")) | C3: =IF($A3="","",COUNTIFS(Log!$A$2:$A$5000,$A3,Log!$F$2:$F$5000,"*→ "&C$1&"*")) | D3: =IF($A3="","",COUNTIFS(Log!$A$2:$A$5000,$A3,Log!$F$2:$F$5000,"*→ "&D$1&"*")) | E3: =IF($A3="","",COUNTIFS(Log!$A$2:$A$5000,$A3,Log!$F$2:$F$5000,"*→ "&E$1&"*")) | F3: =IF($A3="","",COUNTIFS(Log!$A$2:$A$5000,$A3,Log!$F$2:$F$5000,"*→ "&F$1&"*")) | G3: =IF($A3="","",COUNTIFS(Log!$A$2:$A$5000,$A3,Log!$F$2:$F$5000,"*→ "&G$1&"*")) | H3: =IF($A3="","",COUNTIFS(Log!$A$2:$A$5000,$A3,Log!$F$2:$F$5000,"*→ "&H$1&"*")) | I3: =IF($A3="","",COUNTIFS(Log!$A$2:$A$5000,$A3,Log!$F$2:$F$5000,"*→ "&I$1&"*")) | ... R3: =IF($A3="","",COUNTIFS(Log!$A$2:$A$5000,$A3,Log!$F$2:$F$5000,"*→ "&R$1&"*"))
A4: =IF(Students!A4="","",Students!A4) | B4: =IF($A4="","",COUNTIFS(Log!$A$2:$A$5000,$A4,Log!$F$2:$F$5000,"*→ "&B$1&"*")) | C4: =IF($A4="","",COUNTIFS(Log!$A$2:$A$5000,$A4,Log!$F$2:$F$5000,"*→ "&C$1&"*")) | D4: =IF($A4="","",COUNTIFS(Log!$A$2:$A$5000,$A4,Log!$F$2:$F$5000,"*→ "&D$1&"*")) | E4: =IF($A4="","",COUNTIFS(Log!$A$2:$A$5000,$A4,Log!$F$2:$F$5000,"*→ "&E$1&"*")) | F4: =IF($A4="","",COUNTIFS(Log!$A$2:$A$5000,$A4,Log!$F$2:$F$5000,"*→ "&F$1&"*")) | G4: =IF($A4="","",COUNTIFS(Log!$A$2:$A$5000,$A4,Log!$F$2:$F$5000,"*→ "&G$1&"*")) | H4: =IF($A4="","",COUNTIFS(Log!$A$2:$A$5000,$A4,Log!$F$2:$F$5000,"*→ "&H$1&"*")) | I4: =IF($A4="","",COUNTIFS(Log!$A$2:$A$5000,$A4,Log!$F$2:$F$5000,"*→ "&I$1&"*")) | ... R4: =IF($A4="","",COUNTIFS(Log!$A$2:$A$5000,$A4,Log!$F$2:$F$5000,"*→ "&R$1&"*"))
A5: =IF(Students!A5="","",Students!A5) | B5: =IF($A5="","",COUNTIFS(Log!$A$2:$A$5000,$A5,Log!$F$2:$F$5000,"*→ "&B$1&"*")) | C5: =IF($A5="","",COUNTIFS(Log!$A$2:$A$5000,$A5,Log!$F$2:$F$5000,"*→ "&C$1&"*")) | D5: =IF($A5="","",COUNTIFS(Log!$A$2:$A$5000,$A5,Log!$F$2:$F$5000,"*→ "&D$1&"*")) | E5: =IF($A5="","",COUNTIFS(Log!$A$2:$A$5000,$A5,Log!$F$2:$F$5000,"*→ "&E$1&"*")) | F5: =IF($A5="","",COUNTIFS(Log!$A$2:$A$5000,$A5,Log!$F$2:$F$5000,"*→ "&F$1&"*")) | G5: =IF($A5="","",COUNTIFS(Log!$A$2:$A$5000,$A5,Log!$F$2:$F$5000,"*→ "&G$1&"*")) | H5: =IF($A5="","",COUNTIFS(Log!$A$2:$A$5000,$A5,Log!$F$2:$F$5000,"*→ "&H$1&"*")) | I5: =IF($A5="","",COUNTIFS(Log!$A$2:$A$5000,$A5,Log!$F$2:$F$5000,"*→ "&I$1&"*")) | ... R5: =IF($A5="","",COUNTIFS(Log!$A$2:$A$5000,$A5,Log!$F$2:$F$5000,"*→ "&R$1&"*"))
A6: =IF(Students!A6="","",Students!A6) | B6: =IF($A6="","",COUNTIFS(Log!$A$2:$A$5000,$A6,Log!$F$2:$F$5000,"*→ "&B$1&"*")) | C6: =IF($A6="","",COUNTIFS(Log!$A$2:$A$5000,$A6,Log!$F$2:$F$5000,"*→ "&C$1&"*")) | D6: =IF($A6="","",COUNTIFS(Log!$A$2:$A$5000,$A6,Log!$F$2:$F$5000,"*→ "&D$1&"*")) | E6: =IF($A6="","",COUNTIFS(Log!$A$2:$A$5000,$A6,Log!$F$2:$F$5000,"*→ "&E$1&"*")) | F6: =IF($A6="","",COUNTIFS(Log!$A$2:$A$5000,$A6,Log!$F$2:$F$5000,"*→ "&F$1&"*")) | G6: =IF($A6="","",COUNTIFS(Log!$A$2:$A$5000,$A6,Log!$F$2:$F$5000,"*→ "&G$1&"*")) | H6: =IF($A6="","",COUNTIFS(Log!$A$2:$A$5000,$A6,Log!$F$2:$F$5000,"*→ "&H$1&"*")) | I6: =IF($A6="","",COUNTIFS(Log!$A$2:$A$5000,$A6,Log!$F$2:$F$5000,"*→ "&I$1&"*")) | ... R6: =IF($A6="","",COUNTIFS(Log!$A$2:$A$5000,$A6,Log!$F$2:$F$5000,"*→ "&R$1&"*"))
A7: =IF(Students!A7="","",Students!A7) | B7: =IF($A7="","",COUNTIFS(Log!$A$2:$A$5000,$A7,Log!$F$2:$F$5000,"*→ "&B$1&"*")) | C7: =IF($A7="","",COUNTIFS(Log!$A$2:$A$5000,$A7,Log!$F$2:$F$5000,"*→ "&C$1&"*")) | D7: =IF($A7="","",COUNTIFS(Log!$A$2:$A$5000,$A7,Log!$F$2:$F$5000,"*→ "&D$1&"*")) | E7: =IF($A7="","",COUNTIFS(Log!$A$2:$A$5000,$A7,Log!$F$2:$F$5000,"*→ "&E$1&"*")) | F7: =IF($A7="","",COUNTIFS(Log!$A$2:$A$5000,$A7,Log!$F$2:$F$5000,"*→ "&F$1&"*")) | G7: =IF($A7="","",COUNTIFS(Log!$A$2:$A$5000,$A7,Log!$F$2:$F$5000,"*→ "&G$1&"*")) | H7: =IF($A7="","",COUNTIFS(Log!$A$2:$A$5000,$A7,Log!$F$2:$F$5000,"*→ "&H$1&"*")) | I7: =IF($A7="","",COUNTIFS(Log!$A$2:$A$5000,$A7,Log!$F$2:$F$5000,"*→ "&I$1&"*")) | ... R7: =IF($A7="","",COUNTIFS(Log!$A$2:$A$5000,$A7,Log!$F$2:$F$5000,"*→ "&R$1&"*"))
A8: =IF(Students!A8="","",Students!A8) | B8: =IF($A8="","",COUNTIFS(Log!$A$2:$A$5000,$A8,Log!$F$2:$F$5000,"*→ "&B$1&"*")) | C8: =IF($A8="","",COUNTIFS(Log!$A$2:$A$5000,$A8,Log!$F$2:$F$5000,"*→ "&C$1&"*")) | D8: =IF($A8="","",COUNTIFS(Log!$A$2:$A$5000,$A8,Log!$F$2:$F$5000,"*→ "&D$1&"*")) | E8: =IF($A8="","",COUNTIFS(Log!$A$2:$A$5000,$A8,Log!$F$2:$F$5000,"*→ "&E$1&"*")) | F8: =IF($A8="","",COUNTIFS(Log!$A$2:$A$5000,$A8,Log!$F$2:$F$5000,"*→ "&F$1&"*")) | G8: =IF($A8="","",COUNTIFS(Log!$A$2:$A$5000,$A8,Log!$F$2:$F$5000,"*→ "&G$1&"*")) | H8: =IF($A8="","",COUNTIFS(Log!$A$2:$A$5000,$A8,Log!$F$2:$F$5000,"*→ "&H$1&"*")) | I8: =IF($A8="","",COUNTIFS(Log!$A$2:$A$5000,$A8,Log!$F$2:$F$5000,"*→ "&I$1&"*")) | ... R8: =IF($A8="","",COUNTIFS(Log!$A$2:$A$5000,$A8,Log!$F$2:$F$5000,"*→ "&R$1&"*"))
A9: =IF(Students!A9="","",Students!A9) | B9: =IF($A9="","",COUNTIFS(Log!$A$2:$A$5000,$A9,Log!$F$2:$F$5000,"*→ "&B$1&"*")) | C9: =IF($A9="","",COUNTIFS(Log!$A$2:$A$5000,$A9,Log!$F$2:$F$5000,"*→ "&C$1&"*")) | D9: =IF($A9="","",COUNTIFS(Log!$A$2:$A$5000,$A9,Log!$F$2:$F$5000,"*→ "&D$1&"*")) | E9: =IF($A9="","",COUNTIFS(Log!$A$2:$A$5000,$A9,Log!$F$2:$F$5000,"*→ "&E$1&"*")) | F9: =IF($A9="","",COUNTIFS(Log!$A$2:$A$5000,$A9,Log!$F$2:$F$5000,"*→ "&F$1&"*")) | G9: =IF($A9="","",COUNTIFS(Log!$A$2:$A$5000,$A9,Log!$F$2:$F$5000,"*→ "&G$1&"*")) | H9: =IF($A9="","",COUNTIFS(Log!$A$2:$A$5000,$A9,Log!$F$2:$F$5000,"*→ "&H$1&"*")) | I9: =IF($A9="","",COUNTIFS(Log!$A$2:$A$5000,$A9,Log!$F$2:$F$5000,"*→ "&I$1&"*")) | ... R9: =IF($A9="","",COUNTIFS(Log!$A$2:$A$5000,$A9,Log!$F$2:$F$5000,"*→ "&R$1&"*"))
A10: =IF(Students!A10="","",Students!A10) | B10: =IF($A10="","",COUNTIFS(Log!$A$2:$A$5000,$A10,Log!$F$2:$F$5000,"*→ "&B$1&"*")) | C10: =IF($A10="","",COUNTIFS(Log!$A$2:$A$5000,$A10,Log!$F$2:$F$5000,"*→ "&C$1&"*")) | D10: =IF($A10="","",COUNTIFS(Log!$A$2:$A$5000,$A10,Log!$F$2:$F$5000,"*→ "&D$1&"*")) | E10: =IF($A10="","",COUNTIFS(Log!$A$2:$A$5000,$A10,Log!$F$2:$F$5000,"*→ "&E$1&"*")) | F10: =IF($A10="","",COUNTIFS(Log!$A$2:$A$5000,$A10,Log!$F$2:$F$5000,"*→ "&F$1&"*")) | G10: =IF($A10="","",COUNTIFS(Log!$A$2:$A$5000,$A10,Log!$F$2:$F$5000,"*→ "&G$1&"*")) | H10: =IF($A10="","",COUNTIFS(Log!$A$2:$A$5000,$A10,Log!$F$2:$F$5000,"*→ "&H$1&"*")) | I10: =IF($A10="","",COUNTIFS(Log!$A$2:$A$5000,$A10,Log!$F$2:$F$5000,"*→ "&I$1&"*")) | ... R10: =IF($A10="","",COUNTIFS(Log!$A$2:$A$5000,$A10,Log!$F$2:$F$5000,"*→ "&R$1&"*"))
A11: =IF(Students!A11="","",Students!A11) | B11: =IF($A11="","",COUNTIFS(Log!$A$2:$A$5000,$A11,Log!$F$2:$F$5000,"*→ "&B$1&"*")) | C11: =IF($A11="","",COUNTIFS(Log!$A$2:$A$5000,$A11,Log!$F$2:$F$5000,"*→ "&C$1&"*")) | D11: =IF($A11="","",COUNTIFS(Log!$A$2:$A$5000,$A11,Log!$F$2:$F$5000,"*→ "&D$1&"*")) | E11: =IF($A11="","",COUNTIFS(Log!$A$2:$A$5000,$A11,Log!$F$2:$F$5000,"*→ "&E$1&"*")) | F11: =IF($A11="","",COUNTIFS(Log!$A$2:$A$5000,$A11,Log!$F$2:$F$5000,"*→ "&F$1&"*")) | G11: =IF($A11="","",COUNTIFS(Log!$A$2:$A$5000,$A11,Log!$F$2:$F$5000,"*→ "&G$1&"*")) | H11: =IF($A11="","",COUNTIFS(Log!$A$2:$A$5000,$A11,Log!$F$2:$F$5000,"*→ "&H$1&"*")) | I11: =IF($A11="","",COUNTIFS(Log!$A$2:$A$5000,$A11,Log!$F$2:$F$5000,"*→ "&I$1&"*")) | ... R11: =IF($A11="","",COUNTIFS(Log!$A$2:$A$5000,$A11,Log!$F$2:$F$5000,"*→ "&R$1&"*"))
A12: =IF(Students!A12="","",Students!A12) | B12: =IF($A12="","",COUNTIFS(Log!$A$2:$A$5000,$A12,Log!$F$2:$F$5000,"*→ "&B$1&"*")) | C12: =IF($A12="","",COUNTIFS(Log!$A$2:$A$5000,$A12,Log!$F$2:$F$5000,"*→ "&C$1&"*")) | D12: =IF($A12="","",COUNTIFS(Log!$A$2:$A$5000,$A12,Log!$F$2:$F$5000,"*→ "&D$1&"*")) | E12: =IF($A12="","",COUNTIFS(Log!$A$2:$A$5000,$A12,Log!$F$2:$F$5000,"*→ "&E$1&"*")) | F12: =IF($A12="","",COUNTIFS(Log!$A$2:$A$5000,$A12,Log!$F$2:$F$5000,"*→ "&F$1&"*")) | G12: =IF($A12="","",COUNTIFS(Log!$A$2:$A$5000,$A12,Log!$F$2:$F$5000,"*→ "&G$1&"*")) | H12: =IF($A12="","",COUNTIFS(Log!$A$2:$A$5000,$A12,Log!$F$2:$F$5000,"*→ "&H$1&"*")) | I12: =IF($A12="","",COUNTIFS(Log!$A$2:$A$5000,$A12,Log!$F$2:$F$5000,"*→ "&I$1&"*")) | ... R12: =IF($A12="","",COUNTIFS(Log!$A$2:$A$5000,$A12,Log!$F$2:$F$5000,"*→ "&R$1&"*"))
A13: =IF(Students!A13="","",Students!A13) | B13: =IF($A13="","",COUNTIFS(Log!$A$2:$A$5000,$A13,Log!$F$2:$F$5000,"*→ "&B$1&"*")) | C13: =IF($A13="","",COUNTIFS(Log!$A$2:$A$5000,$A13,Log!$F$2:$F$5000,"*→ "&C$1&"*")) | D13: =IF($A13="","",COUNTIFS(Log!$A$2:$A$5000,$A13,Log!$F$2:$F$5000,"*→ "&D$1&"*")) | E13: =IF($A13="","",COUNTIFS(Log!$A$2:$A$5000,$A13,Log!$F$2:$F$5000,"*→ "&E$1&"*")) | F13: =IF($A13="","",COUNTIFS(Log!$A$2:$A$5000,$A13,Log!$F$2:$F$5000,"*→ "&F$1&"*")) | G13: =IF($A13="","",COUNTIFS(Log!$A$2:$A$5000,$A13,Log!$F$2:$F$5000,"*→ "&G$1&"*")) | H13: =IF($A13="","",COUNTIFS(Log!$A$2:$A$5000,$A13,Log!$F$2:$F$5000,"*→ "&H$1&"*")) | I13: =IF($A13="","",COUNTIFS(Log!$A$2:$A$5000,$A13,Log!$F$2:$F$5000,"*→ "&I$1&"*")) | ... R13: =IF($A13="","",COUNTIFS(Log!$A$2:$A$5000,$A13,Log!$F$2:$F$5000,"*→ "&R$1&"*"))
... A151: =IF(Students!A151="","",Students!A151) | B151: =IF($A151="","",COUNTIFS(Log!$A$2:$A$5000,$A151,Log!$F$2:$F$5000,"*→ "&B$1&"*")) | C151: =IF($A151="","",COUNTIFS(Log!$A$2:$A$5000,$A151,Log!$F$2:$F$5000,"*→ "&C$1&"*")) | D151: =IF($A151="","",COUNTIFS(Log!$A$2:$A$5000,$A151,Log!$F$2:$F$5000,"*→ "&D$1&"*")) | E151: =IF($A151="","",COUNTIFS(Log!$A$2:$A$5000,$A151,Log!$F$2:$F$5000,"*→ "&E$1&"*")) | F151: =IF($A151="","",COUNTIFS(Log!$A$2:$A$5000,$A151,Log!$F$2:$F$5000,"*→ "&F$1&"*")) | G151: =IF($A151="","",COUNTIFS(Log!$A$2:$A$5000,$A151,Log!$F$2:$F$5000,"*→ "&G$1&"*")) | H151: =IF($A151="","",COUNTIFS(Log!$A$2:$A$5000,$A151,Log!$F$2:$F$5000,"*→ "&H$1&"*")) | I151: =IF($A151="","",COUNTIFS(Log!$A$2:$A$5000,$A151,Log!$F$2:$F$5000,"*→ "&I$1&"*")) | ... R151: =IF($A151="","",COUNTIFS(Log!$A$2:$A$5000,$A151,Log!$F$2:$F$5000,"*→ "&R$1&"*"))
