Workbook

Sheet Start here
A1: The Mat: roster and student slips
A2: KEEP THIS FILE PRIVATE. It holds student names. The Mat class sheet holds only periods and numbers (no names): this file is the only place the two meet.
A4: This file fills itself from your master list (the file with First, Last, Period and StudentID). Setup is once; after that it is one menu click, or automatic.
A5: 1. Settings tab: paste the web address of your master list next to "Master list web address". (The tab name is already "Roster Import".)
A6: 2. Extensions > Apps Script: paste in RosterSync.gs and save. Reload this sheet: a "The Mat" menu appears. The first time you use it, Google asks you to allow it: choose your account, Advanced, Go to (project), Allow.
A7: 3. The Mat > Sync from my master list. The Roster, Numbers and New students tabs fill in. Every student gets a number in their period once, and keeps it for good (someone who leaves keeps theirs; a new student gets the next free number).
A8: 4. Slips (all): a slip for every current student. Slips (new): only students whose slip has not been printed. Print with File > Print > "Current sheet" (Letter, portrait, narrow margins, fit to width), cut on the dashed lines, then The Mat > Mark the new slips as printed.
A9: 5. The Mat > Turn on automatic daily sync, and new students appear on their own each morning; you only print their slip.
A10: 6. Named results (optional): paste your class sheet's web address in Settings, then on the Imported tab click cell A1 and choose Allow access (once).
A12: Do not type in Roster, Numbers or New students: the script writes there. Yellow cells (Settings) are the ones meant for you.
A13: Students sign in on The Mat with their school Google account and type the Period and Student number from their slip. A student who changes period gets a new number in the new period (their old one is kept); their progress follows their Google account either way.

Sheet Settings
A1: Site address printed on the slips | B1: karlmaukskoepke.github.io/AlgebraMat
A2: Class sheet web address (for Named results)
A3: Master list web address
A4: Master list tab | B4: Roster Import
A6: Paste each web address from the browser's address bar while that file is open. Yellow cells are the ones to edit. The master list needs First, Last, Period and StudentID in its first row.

Sheet Roster
A1: Name | B1: Period | C1: Student number | D1: StudentID

Sheet Numbers
A1: StudentID | B1: Period | C1: Number | D1: Name | E1: FirstSeen | F1: Printed | G1: Active

Sheet New students
A1: Name | B1: Period | C1: Student number | D1: StudentID

Sheet Slips (all)
A1: =IF(Roster!A2="","",Roster!A2) | E1: =IF(Roster!A3="","",Roster!A3)
A2: =IF(Roster!A2="","","Period "&Roster!B2&" · Student number "&Roster!C2) | E2: =IF(Roster!A3="","","Period "&Roster!B3&" · Student number "&Roster!C3)
A3: =IF(Roster!A2="","","Open: "&Settings!$B$1) | E3: =IF(Roster!A3="","","Open: "&Settings!$B$1)
A4: =IF(Roster!A2="","","Tap Sign in, type your period and number, then sign in with your school Google account.") | E4: =IF(Roster!A3="","","Tap Sign in, type your period and number, then sign in with your school Google account.")
A6: =IF(Roster!A4="","",Roster!A4) | E6: =IF(Roster!A5="","",Roster!A5)
A7: =IF(Roster!A4="","","Period "&Roster!B4&" · Student number "&Roster!C4) | E7: =IF(Roster!A5="","","Period "&Roster!B5&" · Student number "&Roster!C5)
A8: =IF(Roster!A4="","","Open: "&Settings!$B$1) | E8: =IF(Roster!A5="","","Open: "&Settings!$B$1)
A9: =IF(Roster!A4="","","Tap Sign in, type your period and number, then sign in with your school Google account.") | E9: =IF(Roster!A5="","","Tap Sign in, type your period and number, then sign in with your school Google account.")
A11: =IF(Roster!A6="","",Roster!A6) | E11: =IF(Roster!A7="","",Roster!A7)
A12: =IF(Roster!A6="","","Period "&Roster!B6&" · Student number "&Roster!C6) | E12: =IF(Roster!A7="","","Period "&Roster!B7&" · Student number "&Roster!C7)
A13: =IF(Roster!A6="","","Open: "&Settings!$B$1) | E13: =IF(Roster!A7="","","Open: "&Settings!$B$1)
A14: =IF(Roster!A6="","","Tap Sign in, type your period and number, then sign in with your school Google account.") | E14: =IF(Roster!A7="","","Tap Sign in, type your period and number, then sign in with your school Google account.")
A16: =IF(Roster!A8="","",Roster!A8) | E16: =IF(Roster!A9="","",Roster!A9)
A17: =IF(Roster!A8="","","Period "&Roster!B8&" · Student number "&Roster!C8) | E17: =IF(Roster!A9="","","Period "&Roster!B9&" · Student number "&Roster!C9)
A18: =IF(Roster!A8="","","Open: "&Settings!$B$1) | E18: =IF(Roster!A9="","","Open: "&Settings!$B$1)
A19: =IF(Roster!A8="","","Tap Sign in, type your period and number, then sign in with your school Google account.") | E19: =IF(Roster!A9="","","Tap Sign in, type your period and number, then sign in with your school Google account.")
A21: =IF(Roster!A10="","",Roster!A10) | E21: =IF(Roster!A11="","",Roster!A11)
A22: =IF(Roster!A10="","","Period "&Roster!B10&" · Student number "&Roster!C10) | E22: =IF(Roster!A11="","","Period "&Roster!B11&" · Student number "&Roster!C11)
A23: =IF(Roster!A10="","","Open: "&Settings!$B$1) | E23: =IF(Roster!A11="","","Open: "&Settings!$B$1)
A24: =IF(Roster!A10="","","Tap Sign in, type your period and number, then sign in with your school Google account.") | E24: =IF(Roster!A11="","","Tap Sign in, type your period and number, then sign in with your school Google account.")
A26: =IF(Roster!A12="","",Roster!A12) | E26: =IF(Roster!A13="","",Roster!A13)
A27: =IF(Roster!A12="","","Period "&Roster!B12&" · Student number "&Roster!C12) | E27: =IF(Roster!A13="","","Period "&Roster!B13&" · Student number "&Roster!C13)
A28: =IF(Roster!A12="","","Open: "&Settings!$B$1) | E28: =IF(Roster!A13="","","Open: "&Settings!$B$1)
A29: =IF(Roster!A12="","","Tap Sign in, type your period and number, then sign in with your school Google account.") | E29: =IF(Roster!A13="","","Tap Sign in, type your period and number, then sign in with your school Google account.")
A31: =IF(Roster!A14="","",Roster!A14) | E31: =IF(Roster!A15="","",Roster!A15)
A32: =IF(Roster!A14="","","Period "&Roster!B14&" · Student number "&Roster!C14) | E32: =IF(Roster!A15="","","Period "&Roster!B15&" · Student number "&Roster!C15)
A33: =IF(Roster!A14="","","Open: "&Settings!$B$1) | E33: =IF(Roster!A15="","","Open: "&Settings!$B$1)
A34: =IF(Roster!A14="","","Tap Sign in, type your period and number, then sign in with your school Google account.") | E34: =IF(Roster!A15="","","Tap Sign in, type your period and number, then sign in with your school Google account.")
A36: =IF(Roster!A16="","",Roster!A16) | E36: =IF(Roster!A17="","",Roster!A17)
A37: =IF(Roster!A16="","","Period "&Roster!B16&" · Student number "&Roster!C16) | E37: =IF(Roster!A17="","","Period "&Roster!B17&" · Student number "&Roster!C17)
A38: =IF(Roster!A16="","","Open: "&Settings!$B$1) | E38: =IF(Roster!A17="","","Open: "&Settings!$B$1)
A39: =IF(Roster!A16="","","Tap Sign in, type your period and number, then sign in with your school Google account.") | E39: =IF(Roster!A17="","","Tap Sign in, type your period and number, then sign in with your school Google account.")
A41: =IF(Roster!A18="","",Roster!A18) | E41: =IF(Roster!A19="","",Roster!A19)
A42: =IF(Roster!A18="","","Period "&Roster!B18&" · Student number "&Roster!C18) | E42: =IF(Roster!A19="","","Period "&Roster!B19&" · Student number "&Roster!C19)
A43: =IF(Roster!A18="","","Open: "&Settings!$B$1) | E43: =IF(Roster!A19="","","Open: "&Settings!$B$1)
A44: =IF(Roster!A18="","","Tap Sign in, type your period and number, then sign in with your school Google account.") | E44: =IF(Roster!A19="","","Tap Sign in, type your period and number, then sign in with your school Google account.")
A46: =IF(Roster!A20="","",Roster!A20) | E46: =IF(Roster!A21="","",Roster!A21)
A47: =IF(Roster!A20="","","Period "&Roster!B20&" · Student number "&Roster!C20) | E47: =IF(Roster!A21="","","Period "&Roster!B21&" · Student number "&Roster!C21)
A48: =IF(Roster!A20="","","Open: "&Settings!$B$1) | E48: =IF(Roster!A21="","","Open: "&Settings!$B$1)
A49: =IF(Roster!A20="","","Tap Sign in, type your period and number, then sign in with your school Google account.") | E49: =IF(Roster!A21="","","Tap Sign in, type your period and number, then sign in with your school Google account.")
A51: =IF(Roster!A22="","",Roster!A22) | E51: =IF(Roster!A23="","",Roster!A23)
A52: =IF(Roster!A22="","","Period "&Roster!B22&" · Student number "&Roster!C22) | E52: =IF(Roster!A23="","","Period "&Roster!B23&" · Student number "&Roster!C23)
A53: =IF(Roster!A22="","","Open: "&Settings!$B$1) | E53: =IF(Roster!A23="","","Open: "&Settings!$B$1)
A54: =IF(Roster!A22="","","Tap Sign in, type your period and number, then sign in with your school Google account.") | E54: =IF(Roster!A23="","","Tap Sign in, type your period and number, then sign in with your school Google account.")
A56: =IF(Roster!A24="","",Roster!A24) | E56: =IF(Roster!A25="","",Roster!A25)
A57: =IF(Roster!A24="","","Period "&Roster!B24&" · Student number "&Roster!C24) | E57: =IF(Roster!A25="","","Period "&Roster!B25&" · Student number "&Roster!C25)
A58: =IF(Roster!A24="","","Open: "&Settings!$B$1) | E58: =IF(Roster!A25="","","Open: "&Settings!$B$1)
A59: =IF(Roster!A24="","","Tap Sign in, type your period and number, then sign in with your school Google account.") | E59: =IF(Roster!A25="","","Tap Sign in, type your period and number, then sign in with your school Google account.")
A61: =IF(Roster!A26="","",Roster!A26) | E61: =IF(Roster!A27="","",Roster!A27)
A62: =IF(Roster!A26="","","Period "&Roster!B26&" · Student number "&Roster!C26) | E62: =IF(Roster!A27="","","Period "&Roster!B27&" · Student number "&Roster!C27)
A63: =IF(Roster!A26="","","Open: "&Settings!$B$1) | E63: =IF(Roster!A27="","","Open: "&Settings!$B$1)
A64: =IF(Roster!A26="","","Tap Sign in, type your period and number, then sign in with your school Google account.") | E64: =IF(Roster!A27="","","Tap Sign in, type your period and number, then sign in with your school Google account.")
A66: =IF(Roster!A28="","",Roster!A28) | E66: =IF(Roster!A29="","",Roster!A29)
A67: =IF(Roster!A28="","","Period "&Roster!B28&" · Student number "&Roster!C28) | E67: =IF(Roster!A29="","","Period "&Roster!B29&" · Student number "&Roster!C29)
A68: =IF(Roster!A28="","","Open: "&Settings!$B$1) | E68: =IF(Roster!A29="","","Open: "&Settings!$B$1)
A69: =IF(Roster!A28="","","Tap Sign in, type your period and number, then sign in with your school Google account.") | E69: =IF(Roster!A29="","","Tap Sign in, type your period and number, then sign in with your school Google account.")
A71: =IF(Roster!A30="","",Roster!A30) | E71: =IF(Roster!A31="","",Roster!A31)
A72: =IF(Roster!A30="","","Period "&Roster!B30&" · Student number "&Roster!C30) | E72: =IF(Roster!A31="","","Period "&Roster!B31&" · Student number "&Roster!C31)
A73: =IF(Roster!A30="","","Open: "&Settings!$B$1) | E73: =IF(Roster!A31="","","Open: "&Settings!$B$1)
A74: =IF(Roster!A30="","","Tap Sign in, type your period and number, then sign in with your school Google account.") | E74: =IF(Roster!A31="","","Tap Sign in, type your period and number, then sign in with your school Google account.")
A76: =IF(Roster!A32="","",Roster!A32) | E76: =IF(Roster!A33="","",Roster!A33)
A77: =IF(Roster!A32="","","Period "&Roster!B32&" · Student number "&Roster!C32) | E77: =IF(Roster!A33="","","Period "&Roster!B33&" · Student number "&Roster!C33)
A78: =IF(Roster!A32="","","Open: "&Settings!$B$1) | E78: =IF(Roster!A33="","","Open: "&Settings!$B$1)
A79: =IF(Roster!A32="","","Tap Sign in, type your period and number, then sign in with your school Google account.") | E79: =IF(Roster!A33="","","Tap Sign in, type your period and number, then sign in with your school Google account.")
A81: =IF(Roster!A34="","",Roster!A34) | E81: =IF(Roster!A35="","",Roster!A35)
A82: =IF(Roster!A34="","","Period "&Roster!B34&" · Student number "&Roster!C34) | E82: =IF(Roster!A35="","","Period "&Roster!B35&" · Student number "&Roster!C35)
A83: =IF(Roster!A34="","","Open: "&Settings!$B$1) | E83: =IF(Roster!A35="","","Open: "&Settings!$B$1)
A84: =IF(Roster!A34="","","Tap Sign in, type your period and number, then sign in with your school Google account.") | E84: =IF(Roster!A35="","","Tap Sign in, type your period and number, then sign in with your school Google account.")
A86: =IF(Roster!A36="","",Roster!A36) | E86: =IF(Roster!A37="","",Roster!A37)
A87: =IF(Roster!A36="","","Period "&Roster!B36&" · Student number "&Roster!C36) | E87: =IF(Roster!A37="","","Period "&Roster!B37&" · Student number "&Roster!C37)
A88: =IF(Roster!A36="","","Open: "&Settings!$B$1) | E88: =IF(Roster!A37="","","Open: "&Settings!$B$1)
A89: =IF(Roster!A36="","","Tap Sign in, type your period and number, then sign in with your school Google account.") | E89: =IF(Roster!A37="","","Tap Sign in, type your period and number, then sign in with your school Google account.")
A91: =IF(Roster!A38="","",Roster!A38) | E91: =IF(Roster!A39="","",Roster!A39)
A92: =IF(Roster!A38="","","Period "&Roster!B38&" · Student number "&Roster!C38) | E92: =IF(Roster!A39="","","Period "&Roster!B39&" · Student number "&Roster!C39)
A93: =IF(Roster!A38="","","Open: "&Settings!$B$1) | E93: =IF(Roster!A39="","","Open: "&Settings!$B$1)
A94: =IF(Roster!A38="","","Tap Sign in, type your period and number, then sign in with your school Google account.") | E94: =IF(Roster!A39="","","Tap Sign in, type your period and number, then sign in with your school Google account.")
A96: =IF(Roster!A40="","",Roster!A40) | E96: =IF(Roster!A41="","",Roster!A41)
A97: =IF(Roster!A40="","","Period "&Roster!B40&" · Student number "&Roster!C40) | E97: =IF(Roster!A41="","","Period "&Roster!B41&" · Student number "&Roster!C41)
A98: =IF(Roster!A40="","","Open: "&Settings!$B$1) | E98: =IF(Roster!A41="","","Open: "&Settings!$B$1)
A99: =IF(Roster!A40="","","Tap Sign in, type your period and number, then sign in with your school Google account.") | E99: =IF(Roster!A41="","","Tap Sign in, type your period and number, then sign in with your school Google account.")
A101: =IF(Roster!A42="","",Roster!A42) | E101: =IF(Roster!A43="","",Roster!A43)
A102: =IF(Roster!A42="","","Period "&Roster!B42&" · Student number "&Roster!C42) | E102: =IF(Roster!A43="","","Period "&Roster!B43&" · Student number "&Roster!C43)
A103: =IF(Roster!A42="","","Open: "&Settings!$B$1) | E103: =IF(Roster!A43="","","Open: "&Settings!$B$1)
A104: =IF(Roster!A42="","","Tap Sign in, type your period and number, then sign in with your school Google account.") | E104: =IF(Roster!A43="","","Tap Sign in, type your period and number, then sign in with your school Google account.")
A106: =IF(Roster!A44="","",Roster!A44) | E106: =IF(Roster!A45="","",Roster!A45)
A107: =IF(Roster!A44="","","Period "&Roster!B44&" · Student number "&Roster!C44) | E107: =IF(Roster!A45="","","Period "&Roster!B45&" · Student number "&Roster!C45)
A108: =IF(Roster!A44="","","Open: "&Settings!$B$1) | E108: =IF(Roster!A45="","","Open: "&Settings!$B$1)
A109: =IF(Roster!A44="","","Tap Sign in, type your period and number, then sign in with your school Google account.") | E109: =IF(Roster!A45="","","Tap Sign in, type your period and number, then sign in with your school Google account.")
A111: =IF(Roster!A46="","",Roster!A46) | E111: =IF(Roster!A47="","",Roster!A47)
A112: =IF(Roster!A46="","","Period "&Roster!B46&" · Student number "&Roster!C46) | E112: =IF(Roster!A47="","","Period "&Roster!B47&" · Student number "&Roster!C47)
A113: =IF(Roster!A46="","","Open: "&Settings!$B$1) | E113: =IF(Roster!A47="","","Open: "&Settings!$B$1)
A114: =IF(Roster!A46="","","Tap Sign in, type your period and number, then sign in with your school Google account.") | E114: =IF(Roster!A47="","","Tap Sign in, type your period and number, then sign in with your school Google account.")
A116: =IF(Roster!A48="","",Roster!A48) | E116: =IF(Roster!A49="","",Roster!A49)
A117: =IF(Roster!A48="","","Period "&Roster!B48&" · Student number "&Roster!C48) | E117: =IF(Roster!A49="","","Period "&Roster!B49&" · Student number "&Roster!C49)
A118: =IF(Roster!A48="","","Open: "&Settings!$B$1) | E118: =IF(Roster!A49="","","Open: "&Settings!$B$1)
A119: =IF(Roster!A48="","","Tap Sign in, type your period and number, then sign in with your school Google account.") | E119: =IF(Roster!A49="","","Tap Sign in, type your period and number, then sign in with your school Google account.")
A121: =IF(Roster!A50="","",Roster!A50) | E121: =IF(Roster!A51="","",Roster!A51)
A122: =IF(Roster!A50="","","Period "&Roster!B50&" · Student number "&Roster!C50) | E122: =IF(Roster!A51="","","Period "&Roster!B51&" · Student number "&Roster!C51)
A123: =IF(Roster!A50="","","Open: "&Settings!$B$1) | E123: =IF(Roster!A51="","","Open: "&Settings!$B$1)
A124: =IF(Roster!A50="","","Tap Sign in, type your period and number, then sign in with your school Google account.") | E124: =IF(Roster!A51="","","Tap Sign in, type your period and number, then sign in with your school Google account.")
...

Sheet Slips (new)
A1: =IF('New students'!A2="","",'New students'!A2) | E1: =IF('New students'!A3="","",'New students'!A3)
A2: =IF('New students'!A2="","","Period "&'New students'!B2&" · Student number "&'New students'!C2) | E2: =IF('New students'!A3="","","Period "&'New students'!B3&" · Student number "&'New students'!C3)
A3: =IF('New students'!A2="","","Open: "&Settings!$B$1) | E3: =IF('New students'!A3="","","Open: "&Settings!$B$1)
A4: =IF('New students'!A2="","","Tap Sign in, type your period and number, then sign in with your school Google account.") | E4: =IF('New students'!A3="","","Tap Sign in, type your period and number, then sign in with your school Google account.")
A6: =IF('New students'!A4="","",'New students'!A4) | E6: =IF('New students'!A5="","",'New students'!A5)
A7: =IF('New students'!A4="","","Period "&'New students'!B4&" · Student number "&'New students'!C4) | E7: =IF('New students'!A5="","","Period "&'New students'!B5&" · Student number "&'New students'!C5)
A8: =IF('New students'!A4="","","Open: "&Settings!$B$1) | E8: =IF('New students'!A5="","","Open: "&Settings!$B$1)
A9: =IF('New students'!A4="","","Tap Sign in, type your period and number, then sign in with your school Google account.") | E9: =IF('New students'!A5="","","Tap Sign in, type your period and number, then sign in with your school Google account.")
A11: =IF('New students'!A6="","",'New students'!A6) | E11: =IF('New students'!A7="","",'New students'!A7)
A12: =IF('New students'!A6="","","Period "&'New students'!B6&" · Student number "&'New students'!C6) | E12: =IF('New students'!A7="","","Period "&'New students'!B7&" · Student number "&'New students'!C7)
A13: =IF('New students'!A6="","","Open: "&Settings!$B$1) | E13: =IF('New students'!A7="","","Open: "&Settings!$B$1)
A14: =IF('New students'!A6="","","Tap Sign in, type your period and number, then sign in with your school Google account.") | E14: =IF('New students'!A7="","","Tap Sign in, type your period and number, then sign in with your school Google account.")
A16: =IF('New students'!A8="","",'New students'!A8) | E16: =IF('New students'!A9="","",'New students'!A9)
A17: =IF('New students'!A8="","","Period "&'New students'!B8&" · Student number "&'New students'!C8) | E17: =IF('New students'!A9="","","Period "&'New students'!B9&" · Student number "&'New students'!C9)
A18: =IF('New students'!A8="","","Open: "&Settings!$B$1) | E18: =IF('New students'!A9="","","Open: "&Settings!$B$1)
A19: =IF('New students'!A8="","","Tap Sign in, type your period and number, then sign in with your school Google account.") | E19: =IF('New students'!A9="","","Tap Sign in, type your period and number, then sign in with your school Google account.")
A21: =IF('New students'!A10="","",'New students'!A10) | E21: =IF('New students'!A11="","",'New students'!A11)
A22: =IF('New students'!A10="","","Period "&'New students'!B10&" · Student number "&'New students'!C10) | E22: =IF('New students'!A11="","","Period "&'New students'!B11&" · Student number "&'New students'!C11)
A23: =IF('New students'!A10="","","Open: "&Settings!$B$1) | E23: =IF('New students'!A11="","","Open: "&Settings!$B$1)
A24: =IF('New students'!A10="","","Tap Sign in, type your period and number, then sign in with your school Google account.") | E24: =IF('New students'!A11="","","Tap Sign in, type your period and number, then sign in with your school Google account.")
A26: =IF('New students'!A12="","",'New students'!A12) | E26: =IF('New students'!A13="","",'New students'!A13)
A27: =IF('New students'!A12="","","Period "&'New students'!B12&" · Student number "&'New students'!C12) | E27: =IF('New students'!A13="","","Period "&'New students'!B13&" · Student number "&'New students'!C13)
A28: =IF('New students'!A12="","","Open: "&Settings!$B$1) | E28: =IF('New students'!A13="","","Open: "&Settings!$B$1)
A29: =IF('New students'!A12="","","Tap Sign in, type your period and number, then sign in with your school Google account.") | E29: =IF('New students'!A13="","","Tap Sign in, type your period and number, then sign in with your school Google account.")
A31: =IF('New students'!A14="","",'New students'!A14) | E31: =IF('New students'!A15="","",'New students'!A15)
A32: =IF('New students'!A14="","","Period "&'New students'!B14&" · Student number "&'New students'!C14) | E32: =IF('New students'!A15="","","Period "&'New students'!B15&" · Student number "&'New students'!C15)
A33: =IF('New students'!A14="","","Open: "&Settings!$B$1) | E33: =IF('New students'!A15="","","Open: "&Settings!$B$1)
A34: =IF('New students'!A14="","","Tap Sign in, type your period and number, then sign in with your school Google account.") | E34: =IF('New students'!A15="","","Tap Sign in, type your period and number, then sign in with your school Google account.")
A36: =IF('New students'!A16="","",'New students'!A16) | E36: =IF('New students'!A17="","",'New students'!A17)
A37: =IF('New students'!A16="","","Period "&'New students'!B16&" · Student number "&'New students'!C16) | E37: =IF('New students'!A17="","","Period "&'New students'!B17&" · Student number "&'New students'!C17)
A38: =IF('New students'!A16="","","Open: "&Settings!$B$1) | E38: =IF('New students'!A17="","","Open: "&Settings!$B$1)
A39: =IF('New students'!A16="","","Tap Sign in, type your period and number, then sign in with your school Google account.") | E39: =IF('New students'!A17="","","Tap Sign in, type your period and number, then sign in with your school Google account.")
A41: =IF('New students'!A18="","",'New students'!A18) | E41: =IF('New students'!A19="","",'New students'!A19)
A42: =IF('New students'!A18="","","Period "&'New students'!B18&" · Student number "&'New students'!C18) | E42: =IF('New students'!A19="","","Period "&'New students'!B19&" · Student number "&'New students'!C19)
A43: =IF('New students'!A18="","","Open: "&Settings!$B$1) | E43: =IF('New students'!A19="","","Open: "&Settings!$B$1)
A44: =IF('New students'!A18="","","Tap Sign in, type your period and number, then sign in with your school Google account.") | E44: =IF('New students'!A19="","","Tap Sign in, type your period and number, then sign in with your school Google account.")
A46: =IF('New students'!A20="","",'New students'!A20) | E46: =IF('New students'!A21="","",'New students'!A21)
A47: =IF('New students'!A20="","","Period "&'New students'!B20&" · Student number "&'New students'!C20) | E47: =IF('New students'!A21="","","Period "&'New students'!B21&" · Student number "&'New students'!C21)
A48: =IF('New students'!A20="","","Open: "&Settings!$B$1) | E48: =IF('New students'!A21="","","Open: "&Settings!$B$1)
A49: =IF('New students'!A20="","","Tap Sign in, type your period and number, then sign in with your school Google account.") | E49: =IF('New students'!A21="","","Tap Sign in, type your period and number, then sign in with your school Google account.")
A51: =IF('New students'!A22="","",'New students'!A22) | E51: =IF('New students'!A23="","",'New students'!A23)
A52: =IF('New students'!A22="","","Period "&'New students'!B22&" · Student number "&'New students'!C22) | E52: =IF('New students'!A23="","","Period "&'New students'!B23&" · Student number "&'New students'!C23)
A53: =IF('New students'!A22="","","Open: "&Settings!$B$1) | E53: =IF('New students'!A23="","","Open: "&Settings!$B$1)
A54: =IF('New students'!A22="","","Tap Sign in, type your period and number, then sign in with your school Google account.") | E54: =IF('New students'!A23="","","Tap Sign in, type your period and number, then sign in with your school Google account.")
A56: =IF('New students'!A24="","",'New students'!A24) | E56: =IF('New students'!A25="","",'New students'!A25)
A57: =IF('New students'!A24="","","Period "&'New students'!B24&" · Student number "&'New students'!C24) | E57: =IF('New students'!A25="","","Period "&'New students'!B25&" · Student number "&'New students'!C25)
A58: =IF('New students'!A24="","","Open: "&Settings!$B$1) | E58: =IF('New students'!A25="","","Open: "&Settings!$B$1)
A59: =IF('New students'!A24="","","Tap Sign in, type your period and number, then sign in with your school Google account.") | E59: =IF('New students'!A25="","","Tap Sign in, type your period and number, then sign in with your school Google account.")
A61: =IF('New students'!A26="","",'New students'!A26) | E61: =IF('New students'!A27="","",'New students'!A27)
A62: =IF('New students'!A26="","","Period "&'New students'!B26&" · Student number "&'New students'!C26) | E62: =IF('New students'!A27="","","Period "&'New students'!B27&" · Student number "&'New students'!C27)
A63: =IF('New students'!A26="","","Open: "&Settings!$B$1) | E63: =IF('New students'!A27="","","Open: "&Settings!$B$1)
A64: =IF('New students'!A26="","","Tap Sign in, type your period and number, then sign in with your school Google account.") | E64: =IF('New students'!A27="","","Tap Sign in, type your period and number, then sign in with your school Google account.")
A66: =IF('New students'!A28="","",'New students'!A28) | E66: =IF('New students'!A29="","",'New students'!A29)
A67: =IF('New students'!A28="","","Period "&'New students'!B28&" · Student number "&'New students'!C28) | E67: =IF('New students'!A29="","","Period "&'New students'!B29&" · Student number "&'New students'!C29)
A68: =IF('New students'!A28="","","Open: "&Settings!$B$1) | E68: =IF('New students'!A29="","","Open: "&Settings!$B$1)
A69: =IF('New students'!A28="","","Tap Sign in, type your period and number, then sign in with your school Google account.") | E69: =IF('New students'!A29="","","Tap Sign in, type your period and number, then sign in with your school Google account.")
A71: =IF('New students'!A30="","",'New students'!A30) | E71: =IF('New students'!A31="","",'New students'!A31)
A72: =IF('New students'!A30="","","Period "&'New students'!B30&" · Student number "&'New students'!C30) | E72: =IF('New students'!A31="","","Period "&'New students'!B31&" · Student number "&'New students'!C31)
A73: =IF('New students'!A30="","","Open: "&Settings!$B$1) | E73: =IF('New students'!A31="","","Open: "&Settings!$B$1)
A74: =IF('New students'!A30="","","Tap Sign in, type your period and number, then sign in with your school Google account.") | E74: =IF('New students'!A31="","","Tap Sign in, type your period and number, then sign in with your school Google account.")
A76: =IF('New students'!A32="","",'New students'!A32) | E76: =IF('New students'!A33="","",'New students'!A33)
A77: =IF('New students'!A32="","","Period "&'New students'!B32&" · Student number "&'New students'!C32) | E77: =IF('New students'!A33="","","Period "&'New students'!B33&" · Student number "&'New students'!C33)
A78: =IF('New students'!A32="","","Open: "&Settings!$B$1) | E78: =IF('New students'!A33="","","Open: "&Settings!$B$1)
A79: =IF('New students'!A32="","","Tap Sign in, type your period and number, then sign in with your school Google account.") | E79: =IF('New students'!A33="","","Tap Sign in, type your period and number, then sign in with your school Google account.")
A81: =IF('New students'!A34="","",'New students'!A34) | E81: =IF('New students'!A35="","",'New students'!A35)
A82: =IF('New students'!A34="","","Period "&'New students'!B34&" · Student number "&'New students'!C34) | E82: =IF('New students'!A35="","","Period "&'New students'!B35&" · Student number "&'New students'!C35)
A83: =IF('New students'!A34="","","Open: "&Settings!$B$1) | E83: =IF('New students'!A35="","","Open: "&Settings!$B$1)
A84: =IF('New students'!A34="","","Tap Sign in, type your period and number, then sign in with your school Google account.") | E84: =IF('New students'!A35="","","Tap Sign in, type your period and number, then sign in with your school Google account.")
A86: =IF('New students'!A36="","",'New students'!A36) | E86: =IF('New students'!A37="","",'New students'!A37)
A87: =IF('New students'!A36="","","Period "&'New students'!B36&" · Student number "&'New students'!C36) | E87: =IF('New students'!A37="","","Period "&'New students'!B37&" · Student number "&'New students'!C37)
A88: =IF('New students'!A36="","","Open: "&Settings!$B$1) | E88: =IF('New students'!A37="","","Open: "&Settings!$B$1)
A89: =IF('New students'!A36="","","Tap Sign in, type your period and number, then sign in with your school Google account.") | E89: =IF('New students'!A37="","","Tap Sign in, type your period and number, then sign in with your school Google account.")
A91: =IF('New students'!A38="","",'New students'!A38) | E91: =IF('New students'!A39="","",'New students'!A39)
A92: =IF('New students'!A38="","","Period "&'New students'!B38&" · Student number "&'New students'!C38) | E92: =IF('New students'!A39="","","Period "&'New students'!B39&" · Student number "&'New students'!C39)
A93: =IF('New students'!A38="","","Open: "&Settings!$B$1) | E93: =IF('New students'!A39="","","Open: "&Settings!$B$1)
A94: =IF('New students'!A38="","","Tap Sign in, type your period and number, then sign in with your school Google account.") | E94: =IF('New students'!A39="","","Tap Sign in, type your period and number, then sign in with your school Google account.")
A96: =IF('New students'!A40="","",'New students'!A40) | E96: =IF('New students'!A41="","",'New students'!A41)
A97: =IF('New students'!A40="","","Period "&'New students'!B40&" · Student number "&'New students'!C40) | E97: =IF('New students'!A41="","","Period "&'New students'!B41&" · Student number "&'New students'!C41)
A98: =IF('New students'!A40="","","Open: "&Settings!$B$1) | E98: =IF('New students'!A41="","","Open: "&Settings!$B$1)
A99: =IF('New students'!A40="","","Tap Sign in, type your period and number, then sign in with your school Google account.") | E99: =IF('New students'!A41="","","Tap Sign in, type your period and number, then sign in with your school Google account.")
A101: =IF('New students'!A42="","",'New students'!A42) | E101: =IF('New students'!A43="","",'New students'!A43)
A102: =IF('New students'!A42="","","Period "&'New students'!B42&" · Student number "&'New students'!C42) | E102: =IF('New students'!A43="","","Period "&'New students'!B43&" · Student number "&'New students'!C43)
A103: =IF('New students'!A42="","","Open: "&Settings!$B$1) | E103: =IF('New students'!A43="","","Open: "&Settings!$B$1)
A104: =IF('New students'!A42="","","Tap Sign in, type your period and number, then sign in with your school Google account.") | E104: =IF('New students'!A43="","","Tap Sign in, type your period and number, then sign in with your school Google account.")
A106: =IF('New students'!A44="","",'New students'!A44) | E106: =IF('New students'!A45="","",'New students'!A45)
A107: =IF('New students'!A44="","","Period "&'New students'!B44&" · Student number "&'New students'!C44) | E107: =IF('New students'!A45="","","Period "&'New students'!B45&" · Student number "&'New students'!C45)
A108: =IF('New students'!A44="","","Open: "&Settings!$B$1) | E108: =IF('New students'!A45="","","Open: "&Settings!$B$1)
A109: =IF('New students'!A44="","","Tap Sign in, type your period and number, then sign in with your school Google account.") | E109: =IF('New students'!A45="","","Tap Sign in, type your period and number, then sign in with your school Google account.")
A111: =IF('New students'!A46="","",'New students'!A46) | E111: =IF('New students'!A47="","",'New students'!A47)
A112: =IF('New students'!A46="","","Period "&'New students'!B46&" · Student number "&'New students'!C46) | E112: =IF('New students'!A47="","","Period "&'New students'!B47&" · Student number "&'New students'!C47)
A113: =IF('New students'!A46="","","Open: "&Settings!$B$1) | E113: =IF('New students'!A47="","","Open: "&Settings!$B$1)
A114: =IF('New students'!A46="","","Tap Sign in, type your period and number, then sign in with your school Google account.") | E114: =IF('New students'!A47="","","Tap Sign in, type your period and number, then sign in with your school Google account.")
A116: =IF('New students'!A48="","",'New students'!A48) | E116: =IF('New students'!A49="","",'New students'!A49)
A117: =IF('New students'!A48="","","Period "&'New students'!B48&" · Student number "&'New students'!C48) | E117: =IF('New students'!A49="","","Period "&'New students'!B49&" · Student number "&'New students'!C49)
A118: =IF('New students'!A48="","","Open: "&Settings!$B$1) | E118: =IF('New students'!A49="","","Open: "&Settings!$B$1)
A119: =IF('New students'!A48="","","Tap Sign in, type your period and number, then sign in with your school Google account.") | E119: =IF('New students'!A49="","","Tap Sign in, type your period and number, then sign in with your school Google account.")
A121: =IF('New students'!A50="","",'New students'!A50) | E121: =IF('New students'!A51="","",'New students'!A51)
A122: =IF('New students'!A50="","","Period "&'New students'!B50&" · Student number "&'New students'!C50) | E122: =IF('New students'!A51="","","Period "&'New students'!B51&" · Student number "&'New students'!C51)
A123: =IF('New students'!A50="","","Open: "&Settings!$B$1) | E123: =IF('New students'!A51="","","Open: "&Settings!$B$1)
A124: =IF('New students'!A50="","","Tap Sign in, type your period and number, then sign in with your school Google account.") | E124: =IF('New students'!A51="","","Tap Sign in, type your period and number, then sign in with your school Google account.")
...

Sheet Imported
A1: =IF(Settings!B2="","",IMPORTRANGE(Settings!B2,"Summary!A1:I151")) | K1: The class sheet's Summary, copied in here (read only). Allow access on A1 the first time.

Sheet Named results
A1: Name | B1: Period | C1: Student number | D1: Levels done | E1: Problems tried | F1: Clean % | G1: Stuck presses | H1: Fluency runs
A2: =IF(Roster!A2="","",Roster!A2) | B2: =IF($A2="","",Roster!B2) | C2: =IF($A2="","",Roster!C2) | D2: =IF($A2="","",IFERROR(SUMIFS(Imported!$D$2:$D$151,Imported!$B$2:$B$151,$B2&"",Imported!$C$2:$C$151,$C2&""),0)) | E2: =IF($A2="","",IFERROR(SUMIFS(Imported!$E$2:$E$151,Imported!$B$2:$B$151,$B2&"",Imported!$C$2:$C$151,$C2&""),0)) | F2: =IF($A2="","",IFERROR(SUMIFS(Imported!$F$2:$F$151,Imported!$B$2:$B$151,$B2&"",Imported!$C$2:$C$151,$C2&""),0)) | G2: =IF($A2="","",IFERROR(SUMIFS(Imported!$G$2:$G$151,Imported!$B$2:$B$151,$B2&"",Imported!$C$2:$C$151,$C2&""),0)) | H2: =IF($A2="","",IFERROR(SUMIFS(Imported!$H$2:$H$151,Imported!$B$2:$B$151,$B2&"",Imported!$C$2:$C$151,$C2&""),0))
A3: =IF(Roster!A3="","",Roster!A3) | B3: =IF($A3="","",Roster!B3) | C3: =IF($A3="","",Roster!C3) | D3: =IF($A3="","",IFERROR(SUMIFS(Imported!$D$2:$D$151,Imported!$B$2:$B$151,$B3&"",Imported!$C$2:$C$151,$C3&""),0)) | E3: =IF($A3="","",IFERROR(SUMIFS(Imported!$E$2:$E$151,Imported!$B$2:$B$151,$B3&"",Imported!$C$2:$C$151,$C3&""),0)) | F3: =IF($A3="","",IFERROR(SUMIFS(Imported!$F$2:$F$151,Imported!$B$2:$B$151,$B3&"",Imported!$C$2:$C$151,$C3&""),0)) | G3: =IF($A3="","",IFERROR(SUMIFS(Imported!$G$2:$G$151,Imported!$B$2:$B$151,$B3&"",Imported!$C$2:$C$151,$C3&""),0)) | H3: =IF($A3="","",IFERROR(SUMIFS(Imported!$H$2:$H$151,Imported!$B$2:$B$151,$B3&"",Imported!$C$2:$C$151,$C3&""),0))
A4: =IF(Roster!A4="","",Roster!A4) | B4: =IF($A4="","",Roster!B4) | C4: =IF($A4="","",Roster!C4) | D4: =IF($A4="","",IFERROR(SUMIFS(Imported!$D$2:$D$151,Imported!$B$2:$B$151,$B4&"",Imported!$C$2:$C$151,$C4&""),0)) | E4: =IF($A4="","",IFERROR(SUMIFS(Imported!$E$2:$E$151,Imported!$B$2:$B$151,$B4&"",Imported!$C$2:$C$151,$C4&""),0)) | F4: =IF($A4="","",IFERROR(SUMIFS(Imported!$F$2:$F$151,Imported!$B$2:$B$151,$B4&"",Imported!$C$2:$C$151,$C4&""),0)) | G4: =IF($A4="","",IFERROR(SUMIFS(Imported!$G$2:$G$151,Imported!$B$2:$B$151,$B4&"",Imported!$C$2:$C$151,$C4&""),0)) | H4: =IF($A4="","",IFERROR(SUMIFS(Imported!$H$2:$H$151,Imported!$B$2:$B$151,$B4&"",Imported!$C$2:$C$151,$C4&""),0))
A5: =IF(Roster!A5="","",Roster!A5) | B5: =IF($A5="","",Roster!B5) | C5: =IF($A5="","",Roster!C5) | D5: =IF($A5="","",IFERROR(SUMIFS(Imported!$D$2:$D$151,Imported!$B$2:$B$151,$B5&"",Imported!$C$2:$C$151,$C5&""),0)) | E5: =IF($A5="","",IFERROR(SUMIFS(Imported!$E$2:$E$151,Imported!$B$2:$B$151,$B5&"",Imported!$C$2:$C$151,$C5&""),0)) | F5: =IF($A5="","",IFERROR(SUMIFS(Imported!$F$2:$F$151,Imported!$B$2:$B$151,$B5&"",Imported!$C$2:$C$151,$C5&""),0)) | G5: =IF($A5="","",IFERROR(SUMIFS(Imported!$G$2:$G$151,Imported!$B$2:$B$151,$B5&"",Imported!$C$2:$C$151,$C5&""),0)) | H5: =IF($A5="","",IFERROR(SUMIFS(Imported!$H$2:$H$151,Imported!$B$2:$B$151,$B5&"",Imported!$C$2:$C$151,$C5&""),0))
A6: =IF(Roster!A6="","",Roster!A6) | B6: =IF($A6="","",Roster!B6) | C6: =IF($A6="","",Roster!C6) | D6: =IF($A6="","",IFERROR(SUMIFS(Imported!$D$2:$D$151,Imported!$B$2:$B$151,$B6&"",Imported!$C$2:$C$151,$C6&""),0)) | E6: =IF($A6="","",IFERROR(SUMIFS(Imported!$E$2:$E$151,Imported!$B$2:$B$151,$B6&"",Imported!$C$2:$C$151,$C6&""),0)) | F6: =IF($A6="","",IFERROR(SUMIFS(Imported!$F$2:$F$151,Imported!$B$2:$B$151,$B6&"",Imported!$C$2:$C$151,$C6&""),0)) | G6: =IF($A6="","",IFERROR(SUMIFS(Imported!$G$2:$G$151,Imported!$B$2:$B$151,$B6&"",Imported!$C$2:$C$151,$C6&""),0)) | H6: =IF($A6="","",IFERROR(SUMIFS(Imported!$H$2:$H$151,Imported!$B$2:$B$151,$B6&"",Imported!$C$2:$C$151,$C6&""),0))
A7: =IF(Roster!A7="","",Roster!A7) | B7: =IF($A7="","",Roster!B7) | C7: =IF($A7="","",Roster!C7) | D7: =IF($A7="","",IFERROR(SUMIFS(Imported!$D$2:$D$151,Imported!$B$2:$B$151,$B7&"",Imported!$C$2:$C$151,$C7&""),0)) | E7: =IF($A7="","",IFERROR(SUMIFS(Imported!$E$2:$E$151,Imported!$B$2:$B$151,$B7&"",Imported!$C$2:$C$151,$C7&""),0)) | F7: =IF($A7="","",IFERROR(SUMIFS(Imported!$F$2:$F$151,Imported!$B$2:$B$151,$B7&"",Imported!$C$2:$C$151,$C7&""),0)) | G7: =IF($A7="","",IFERROR(SUMIFS(Imported!$G$2:$G$151,Imported!$B$2:$B$151,$B7&"",Imported!$C$2:$C$151,$C7&""),0)) | H7: =IF($A7="","",IFERROR(SUMIFS(Imported!$H$2:$H$151,Imported!$B$2:$B$151,$B7&"",Imported!$C$2:$C$151,$C7&""),0))
A8: =IF(Roster!A8="","",Roster!A8) | B8: =IF($A8="","",Roster!B8) | C8: =IF($A8="","",Roster!C8) | D8: =IF($A8="","",IFERROR(SUMIFS(Imported!$D$2:$D$151,Imported!$B$2:$B$151,$B8&"",Imported!$C$2:$C$151,$C8&""),0)) | E8: =IF($A8="","",IFERROR(SUMIFS(Imported!$E$2:$E$151,Imported!$B$2:$B$151,$B8&"",Imported!$C$2:$C$151,$C8&""),0)) | F8: =IF($A8="","",IFERROR(SUMIFS(Imported!$F$2:$F$151,Imported!$B$2:$B$151,$B8&"",Imported!$C$2:$C$151,$C8&""),0)) | G8: =IF($A8="","",IFERROR(SUMIFS(Imported!$G$2:$G$151,Imported!$B$2:$B$151,$B8&"",Imported!$C$2:$C$151,$C8&""),0)) | H8: =IF($A8="","",IFERROR(SUMIFS(Imported!$H$2:$H$151,Imported!$B$2:$B$151,$B8&"",Imported!$C$2:$C$151,$C8&""),0))
A9: =IF(Roster!A9="","",Roster!A9) | B9: =IF($A9="","",Roster!B9) | C9: =IF($A9="","",Roster!C9) | D9: =IF($A9="","",IFERROR(SUMIFS(Imported!$D$2:$D$151,Imported!$B$2:$B$151,$B9&"",Imported!$C$2:$C$151,$C9&""),0)) | E9: =IF($A9="","",IFERROR(SUMIFS(Imported!$E$2:$E$151,Imported!$B$2:$B$151,$B9&"",Imported!$C$2:$C$151,$C9&""),0)) | F9: =IF($A9="","",IFERROR(SUMIFS(Imported!$F$2:$F$151,Imported!$B$2:$B$151,$B9&"",Imported!$C$2:$C$151,$C9&""),0)) | G9: =IF($A9="","",IFERROR(SUMIFS(Imported!$G$2:$G$151,Imported!$B$2:$B$151,$B9&"",Imported!$C$2:$C$151,$C9&""),0)) | H9: =IF($A9="","",IFERROR(SUMIFS(Imported!$H$2:$H$151,Imported!$B$2:$B$151,$B9&"",Imported!$C$2:$C$151,$C9&""),0))
A10: =IF(Roster!A10="","",Roster!A10) | B10: =IF($A10="","",Roster!B10) | C10: =IF($A10="","",Roster!C10) | D10: =IF($A10="","",IFERROR(SUMIFS(Imported!$D$2:$D$151,Imported!$B$2:$B$151,$B10&"",Imported!$C$2:$C$151,$C10&""),0)) | E10: =IF($A10="","",IFERROR(SUMIFS(Imported!$E$2:$E$151,Imported!$B$2:$B$151,$B10&"",Imported!$C$2:$C$151,$C10&""),0)) | F10: =IF($A10="","",IFERROR(SUMIFS(Imported!$F$2:$F$151,Imported!$B$2:$B$151,$B10&"",Imported!$C$2:$C$151,$C10&""),0)) | G10: =IF($A10="","",IFERROR(SUMIFS(Imported!$G$2:$G$151,Imported!$B$2:$B$151,$B10&"",Imported!$C$2:$C$151,$C10&""),0)) | H10: =IF($A10="","",IFERROR(SUMIFS(Imported!$H$2:$H$151,Imported!$B$2:$B$151,$B10&"",Imported!$C$2:$C$151,$C10&""),0))
A11: =IF(Roster!A11="","",Roster!A11) | B11: =IF($A11="","",Roster!B11) | C11: =IF($A11="","",Roster!C11) | D11: =IF($A11="","",IFERROR(SUMIFS(Imported!$D$2:$D$151,Imported!$B$2:$B$151,$B11&"",Imported!$C$2:$C$151,$C11&""),0)) | E11: =IF($A11="","",IFERROR(SUMIFS(Imported!$E$2:$E$151,Imported!$B$2:$B$151,$B11&"",Imported!$C$2:$C$151,$C11&""),0)) | F11: =IF($A11="","",IFERROR(SUMIFS(Imported!$F$2:$F$151,Imported!$B$2:$B$151,$B11&"",Imported!$C$2:$C$151,$C11&""),0)) | G11: =IF($A11="","",IFERROR(SUMIFS(Imported!$G$2:$G$151,Imported!$B$2:$B$151,$B11&"",Imported!$C$2:$C$151,$C11&""),0)) | H11: =IF($A11="","",IFERROR(SUMIFS(Imported!$H$2:$H$151,Imported!$B$2:$B$151,$B11&"",Imported!$C$2:$C$151,$C11&""),0))
A12: =IF(Roster!A12="","",Roster!A12) | B12: =IF($A12="","",Roster!B12) | C12: =IF($A12="","",Roster!C12) | D12: =IF($A12="","",IFERROR(SUMIFS(Imported!$D$2:$D$151,Imported!$B$2:$B$151,$B12&"",Imported!$C$2:$C$151,$C12&""),0)) | E12: =IF($A12="","",IFERROR(SUMIFS(Imported!$E$2:$E$151,Imported!$B$2:$B$151,$B12&"",Imported!$C$2:$C$151,$C12&""),0)) | F12: =IF($A12="","",IFERROR(SUMIFS(Imported!$F$2:$F$151,Imported!$B$2:$B$151,$B12&"",Imported!$C$2:$C$151,$C12&""),0)) | G12: =IF($A12="","",IFERROR(SUMIFS(Imported!$G$2:$G$151,Imported!$B$2:$B$151,$B12&"",Imported!$C$2:$C$151,$C12&""),0)) | H12: =IF($A12="","",IFERROR(SUMIFS(Imported!$H$2:$H$151,Imported!$B$2:$B$151,$B12&"",Imported!$C$2:$C$151,$C12&""),0))
A13: =IF(Roster!A13="","",Roster!A13) | B13: =IF($A13="","",Roster!B13) | C13: =IF($A13="","",Roster!C13) | D13: =IF($A13="","",IFERROR(SUMIFS(Imported!$D$2:$D$151,Imported!$B$2:$B$151,$B13&"",Imported!$C$2:$C$151,$C13&""),0)) | E13: =IF($A13="","",IFERROR(SUMIFS(Imported!$E$2:$E$151,Imported!$B$2:$B$151,$B13&"",Imported!$C$2:$C$151,$C13&""),0)) | F13: =IF($A13="","",IFERROR(SUMIFS(Imported!$F$2:$F$151,Imported!$B$2:$B$151,$B13&"",Imported!$C$2:$C$151,$C13&""),0)) | G13: =IF($A13="","",IFERROR(SUMIFS(Imported!$G$2:$G$151,Imported!$B$2:$B$151,$B13&"",Imported!$C$2:$C$151,$C13&""),0)) | H13: =IF($A13="","",IFERROR(SUMIFS(Imported!$H$2:$H$151,Imported!$B$2:$B$151,$B13&"",Imported!$C$2:$C$151,$C13&""),0))
... A151: =IF(Roster!A151="","",Roster!A151) | B151: =IF($A151="","",Roster!B151) | C151: =IF($A151="","",Roster!C151) | D151: =IF($A151="","",IFERROR(SUMIFS(Imported!$D$2:$D$151,Imported!$B$2:$B$151,$B151&"",Imported!$C$2:$C$151,$C151&""),0)) | E151: =IF($A151="","",IFERROR(SUMIFS(Imported!$E$2:$E$151,Imported!$B$2:$B$151,$B151&"",Imported!$C$2:$C$151,$C151&""),0)) | F151: =IF($A151="","",IFERROR(SUMIFS(Imported!$F$2:$F$151,Imported!$B$2:$B$151,$B151&"",Imported!$C$2:$C$151,$C151&""),0)) | G151: =IF($A151="","",IFERROR(SUMIFS(Imported!$G$2:$G$151,Imported!$B$2:$B$151,$B151&"",Imported!$C$2:$C$151,$C151&""),0)) | H151: =IF($A151="","",IFERROR(SUMIFS(Imported!$H$2:$H$151,Imported!$B$2:$B$151,$B151&"",Imported!$C$2:$C$151,$C151&""),0))
